5e8e68-3	5e8e68-3
2bfbb5-5	2bfbb5-5
0ea0e6-7	0ea0e6-7
0ea0e6-7	9255db-0
0ea0e6-7	949e96-1
0ea0e6-7	95185e-2
0ea0e6-7	26c760-4
0ea0e6-7	a3de96-6
0ea0e6-7	199a3d-11
0ea0e6-7	6b8d08-12
0ea0e6-7	40804f-13
0ea0e6-7	ffbd19-14
0ea0e6-7	b57d39-16
0ea0e6-7	53d9a7-17
0ea0e6-7	bb7bc6-18
0ea0e6-7	858b3f-19
0ea0e6-7	21396f-21
0ea0e6-7	ed1afc-26
0ea0e6-7	63afc4-27
0ea0e6-7	fae48e-29
0ea0e6-7	567bb2-30
0ea0e6-7	ce1959-31
0ea0e6-7	b83aae-32
0ea0e6-7	e0af18-33
0ea0e6-7	10e596-38
0ea0e6-7	72060f-39
0ea0e6-7	bf77c6-42
0ea0e6-7	579802-44
0ea0e6-7	ddb63f-45
0ea0e6-7	6efa95-46
0ea0e6-7	6bd13d-47
0ea0e6-7	718ca2-49
f63786-8	f63786-8
df0eee-9	df0eee-9
285aac-15	285aac-15
bbead9-20	bbead9-20
bbead9-20	d1c981-120
bbead9-20	fea3b6-170
bbead9-20	814664-220
bbead9-20	31beae-270
bbead9-20	322973-320
053783-23	053783-23
053783-23	4667e1-273
053783-23	3f20bb-323
053783-23	c8dc80-423
053783-23	06019f-473
b29870-25	b29870-25
de3a8d-28	de3a8d-28
3af6fd-34	3af6fd-34
d7dece-35	d7dece-35
7c6260-36	7c6260-36
5f625e-37	5f625e-37
21b7ce-41	21b7ce-41
2a584f-48	2a584f-48
388794-54	388794-54
388794-54	216dc0-50
388794-54	978cfd-51
388794-54	059ae5-52
388794-54	516b10-53
388794-54	22c054-56
388794-54	958061-57
388794-54	47f3b9-58
388794-54	2b02ad-61
388794-54	40387d-63
388794-54	320aa2-64
388794-54	66c04b-66
388794-54	eb68a0-67
388794-54	360e09-68
388794-54	150b20-71
388794-54	52c1b6-73
388794-54	4cb8a5-77
388794-54	ade25a-79
388794-54	25648b-80
388794-54	a4cbab-81
388794-54	9e9517-82
388794-54	f7305d-83
388794-54	4a255a-69
388794-54	b8ae54-76
388794-54	c6ef92-84
388794-54	209349-86
388794-54	e8c172-89
388794-54	e4f06b-92
388794-54	988d85-94
388794-54	fdeb8b-95
388794-54	9803ef-96
388794-54	21ab6a-99
55b5fc-55	55b5fc-55
a22801-70	a22801-70
112736-75	112736-75
dcb870-78	dcb870-78
dcb870-78	095c39-65
6e67d0-85	6e67d0-85
6e67d0-85	3af076-62
399bd2-87	399bd2-87
b9b3cd-88	b9b3cd-88
48d66f-91	48d66f-91
5604e8-97	5604e8-97
2e2854-100	2e2854-100
2c1fe4-103	2c1fe4-103
8d6793-107	8d6793-107
8d6793-107	f8e9fb-101
8d6793-107	049e3c-102
8d6793-107	2d397f-104
8d6793-107	44f7ca-106
8d6793-107	e8601c-108
8d6793-107	2e298f-111
8d6793-107	ec88e0-112
8d6793-107	4a0f3e-113
8d6793-107	6fa78e-114
8d6793-107	bf6bea-116
8d6793-107	304bad-117
8d6793-107	753462-119
8d6793-107	33ba03-121
8d6793-107	b6a240-123
8d6793-107	5c104c-126
8d6793-107	67fac0-127
8d6793-107	d1b7ad-129
8d6793-107	2463bf-130
8d6793-107	847a0e-118
8d6793-107	4fe094-131
8d6793-107	e9342b-133
8d6793-107	a82317-138
8d6793-107	dce39b-139
8d6793-107	8fd576-141
8d6793-107	21c7fb-142
8d6793-107	09e068-144
8d6793-107	1960b5-145
8d6793-107	aab0c6-146
8d6793-107	a7c5b1-147
8d6793-107	345d67-149
2b5259-109	2b5259-109
dc14a0-125	dc14a0-125
3bb6d7-128	3bb6d7-128
3bb6d7-128	2e5c8e-115
a5da9d-132	a5da9d-132
091ac1-134	091ac1-134
d0f0a2-135	d0f0a2-135
b43ea3-136	b43ea3-136
b43ea3-136	a3e6db-236
b43ea3-136	813bec-286
b43ea3-136	084250-486
106814-137	106814-137
a66eff-140	a66eff-140
4df1a8-150	4df1a8-150
a32421-157	a32421-157
a32421-157	8fed3f-151
a32421-157	d7d04c-152
a32421-157	03ba45-153
a32421-157	858655-154
a32421-157	bb4edd-156
a32421-157	acc43a-158
a32421-157	9c854c-161
a32421-157	1f54c2-163
a32421-157	d3a669-164
a32421-157	202933-166
a32421-157	4a389e-167
a32421-157	b9343c-168
a32421-157	7786fd-169
a32421-157	9c4baa-171
a32421-157	759bef-176
a32421-157	68a4f5-177
a32421-157	cf4242-179
a32421-157	644dde-180
a32421-157	e79799-181
a32421-157	eeae89-183
a32421-157	a7e0cb-185
a32421-157	9b473d-162
a32421-157	468f47-188
a32421-157	a5b47f-189
a32421-157	393cdc-192
a32421-157	af146f-194
a32421-157	50d786-195
a32421-157	0dcda0-196
a32421-157	003a42-197
a32421-157	edcdd1-199
90964a-159	90964a-159
90964a-159	915b3c-59
90964a-159	911d3f-259
90964a-159	e01843-459
101588-165	101588-165
7ac08c-173	7ac08c-173
01a6b3-175	01a6b3-175
00d0c1-178	00d0c1-178
b7f7f2-184	b7f7f2-184
2d1f1f-186	2d1f1f-186
920f29-187	920f29-187
1652bf-190	1652bf-190
204e80-191	204e80-191
a560ec-200	a560ec-200
4ee49c-203	4ee49c-203
5da2eb-207	5da2eb-207
5da2eb-207	d11bc7-201
5da2eb-207	a4b853-202
5da2eb-207	d75bab-204
5da2eb-207	eb4bb9-206
5da2eb-207	b2976d-211
5da2eb-207	c11ca5-213
5da2eb-207	6abd76-214
5da2eb-207	a44c28-216
5da2eb-207	03a518-217
5da2eb-207	b18bca-218
5da2eb-207	796e05-219
5da2eb-207	9f45c5-227
5da2eb-207	80af05-229
5da2eb-207	137548-230
5da2eb-207	bb74fc-221
5da2eb-207	0c7248-231
5da2eb-207	481f9e-233
5da2eb-207	94bc69-238
5da2eb-207	0dd1af-239
5da2eb-207	97111c-242
5da2eb-207	be660a-244
5da2eb-207	a3a8eb-245
5da2eb-207	b49cac-246
5da2eb-207	1a4def-247
5da2eb-207	fe649b-249
c41e71-208	c41e71-208
da7b1f-209	da7b1f-209
6bb251-215	6bb251-215
61350c-223	61350c-223
c7ec1c-225	c7ec1c-225
891942-228	891942-228
757588-232	757588-232
a9fbdc-234	a9fbdc-234
d9af82-235	d9af82-235
d9af82-235	9a821a-212
874878-237	874878-237
b86fd6-241	b86fd6-241
b86fd6-241	fae996-205
d54197-253	d54197-253
dccbef-255	dccbef-255
efcd5a-257	efcd5a-257
efcd5a-257	8ad967-250
efcd5a-257	c85862-251
efcd5a-257	81ea12-252
efcd5a-257	80bcd1-254
efcd5a-257	58b67f-256
efcd5a-257	0d43e3-258
efcd5a-257	57ccd5-261
efcd5a-257	8e5926-262
efcd5a-257	87b5da-263
efcd5a-257	71c698-264
efcd5a-257	d10450-266
efcd5a-257	55ac82-267
efcd5a-257	651135-268
efcd5a-257	4b3c7c-269
efcd5a-257	a66c3c-271
efcd5a-257	36f2c5-277
efcd5a-257	e7edc7-279
efcd5a-257	eb322f-280
efcd5a-257	47bcf4-281
efcd5a-257	2199a3-282
efcd5a-257	5492ad-283
efcd5a-257	ef818c-285
efcd5a-257	b4ffd5-288
efcd5a-257	5ec691-289
efcd5a-257	0c7809-291
efcd5a-257	e65106-292
efcd5a-257	3b56b2-294
efcd5a-257	6b7e62-295
efcd5a-257	ece8a6-296
efcd5a-257	1eda22-297
efcd5a-257	a3f473-299
41da7f-265	41da7f-265
cc045d-275	cc045d-275
77da6c-284	77da6c-284
8b6bd0-287	8b6bd0-287
0117cd-307	0117cd-307
0117cd-307	cd3079-300
0117cd-307	d96b47-301
0117cd-307	ee796c-302
0117cd-307	ff075a-303
0117cd-307	7c95ac-304
0117cd-307	449b04-306
0117cd-307	1330ec-308
0117cd-307	5698ad-311
0117cd-307	a2da16-312
0117cd-307	d19c63-313
0117cd-307	ef0a06-314
0117cd-307	102e78-316
0117cd-307	ad2462-317
0117cd-307	84c677-318
0117cd-307	69b85f-319
0117cd-307	9808c2-321
0117cd-307	374a3f-327
0117cd-307	05d0c4-329
0117cd-307	bb08ac-330
0117cd-307	ae4a46-331
0117cd-307	705b9f-333
0117cd-307	1e4024-336
0117cd-307	e3e669-338
0117cd-307	97f236-339
0117cd-307	a5d80d-341
0117cd-307	f35e26-342
0117cd-307	ae358a-344
0117cd-307	1da085-345
0117cd-307	31cd22-346
0117cd-307	557e63-347
0117cd-307	b8f180-349
265e18-309	265e18-309
d669b2-315	d669b2-315
35ff97-325	35ff97-325
c23541-326	c23541-326
43c507-328	43c507-328
637cc8-332	637cc8-332
d9ea61-334	d9ea61-334
17d0c3-335	17d0c3-335
85a007-337	85a007-337
3f24e5-348	3f24e5-348
666eed-353	666eed-353
8986b7-357	8986b7-357
8986b7-357	ea8cd4-350
8986b7-357	15e3f6-351
8986b7-357	2ed6d3-352
8986b7-357	c5a9db-354
8986b7-357	62e55d-356
8986b7-357	207ec9-361
8986b7-357	49cd27-363
8986b7-357	055841-364
8986b7-357	1b5a3e-366
8986b7-357	d63266-367
8986b7-357	24c6aa-368
8986b7-357	771895-369
8986b7-357	1ce6c3-371
8986b7-357	a24cc6-373
8986b7-357	7e3805-377
8986b7-357	45b76f-379
8986b7-357	6993ef-380
8986b7-357	2a84db-381
8986b7-357	076876-382
8986b7-357	aa13cf-383
8986b7-357	47194d-385
8986b7-357	d8979f-362
8986b7-357	12f6e5-388
8986b7-357	049ee5-389
8986b7-357	60a303-392
8986b7-357	d90cc5-394
8986b7-357	3aedd9-395
8986b7-357	33897c-396
8986b7-357	a1e565-397
8986b7-357	96ad89-399
52b713-358	52b713-358
50326d-359	50326d-359
d8a99b-365	d8a99b-365
525f3c-370	525f3c-370
83e0f2-375	83e0f2-375
5702e2-384	5702e2-384
1006ea-386	1006ea-386
731a6e-387	731a6e-387
cf4d4e-390	cf4d4e-390
1c6cb5-391	1c6cb5-391
f57411-404	f57411-404
f57411-404	c5b6f2-400
f57411-404	788798-401
f57411-404	1ca5d2-402
f57411-404	fdbced-403
f57411-404	4dfebd-406
f57411-404	12136f-408
f57411-404	86ebf6-413
f57411-404	670369-414
f57411-404	38d108-416
f57411-404	82f29a-417
f57411-404	ea3f31-426
f57411-404	e16c71-427
f57411-404	2b50a5-429
f57411-404	b2592c-430
f57411-404	921a55-418
f57411-404	7cbe27-421
f57411-404	8876a9-431
f57411-404	7d104b-432
f57411-404	077d38-433
f57411-404	f95ad8-419
f57411-404	315042-437
f57411-404	84855b-438
f57411-404	30e187-439
f57411-404	d13c55-441
f57411-404	9047f2-442
f57411-404	48eacb-443
f57411-404	619c67-444
f57411-404	f2c670-445
f57411-404	44c88d-446
f57411-404	0dfb68-447
f57411-404	11e10a-449
f57411-404	28e906-411
7123ac-405	7123ac-405
bdd6bf-415	bdd6bf-415
b990e6-420	b990e6-420
7324ce-424	7324ce-424
7324ce-424	f5090a-407
7324ce-424	d49cf1-409
7613e8-425	7613e8-425
ced6a5-428	ced6a5-428
1360a4-434	1360a4-434
5e3006-435	5e3006-435
5e3006-435	10a191-412
88795e-436	88795e-436
747287-453	747287-453
b753b6-455	b753b6-455
bcf7b1-457	bcf7b1-457
bcf7b1-457	bd1071-450
bcf7b1-457	35469a-451
bcf7b1-457	d224a1-452
bcf7b1-457	237a18-454
bcf7b1-457	ea4af9-456
bcf7b1-457	3681b2-458
bcf7b1-457	585c16-461
bcf7b1-457	748e1f-462
bcf7b1-457	7d74d6-463
bcf7b1-457	c1297f-464
bcf7b1-457	3af018-466
bcf7b1-457	5b40c3-467
bcf7b1-457	7433d8-468
bcf7b1-457	55413a-469
bcf7b1-457	5e35d6-470
bcf7b1-457	cd6348-471
bcf7b1-457	296046-477
bcf7b1-457	2b99c3-479
bcf7b1-457	17b4bb-480
bcf7b1-457	bd7bd3-481
bcf7b1-457	54c473-483
bcf7b1-457	bbb2f0-484
bcf7b1-457	dcfcd8-485
bcf7b1-457	91ab00-488
bcf7b1-457	8b8fd4-489
bcf7b1-457	f6d1d5-491
bcf7b1-457	e5332b-492
bcf7b1-457	660b29-494
bcf7b1-457	25da8d-495
bcf7b1-457	0c7ca9-496
bcf7b1-457	e152c8-499
d4c94d-475	d4c94d-475
b891b7-476	b891b7-476
10266e-478	10266e-478
10266e-478	6a178f-465
5e008b-482	5e008b-482
5e008b-482	850c51-182
5e008b-482	d31ca8-10
5e008b-482	3a93f8-60
5e008b-482	14156f-110
5e008b-482	c18f1c-160
5e008b-482	94bcbb-210
5e008b-482	28b4e0-260
5e008b-482	f2293e-310
5e008b-482	4349aa-360
5e008b-482	ff2544-410
5e008b-482	de6e1f-460
5e008b-482	876c82-22
5e008b-482	7d1bcf-72
5e008b-482	f85238-122
5e008b-482	11c28d-172
5e008b-482	f68679-222
5e008b-482	adeb99-272
5e008b-482	989ef4-322
5e008b-482	307fa8-372
5e008b-482	225e37-422
5e008b-482	258bfd-472
5e008b-482	153c86-24
5e008b-482	b1dd19-74
5e008b-482	831bbe-124
5e008b-482	13e4d5-174
5e008b-482	5bc4d7-224
5e008b-482	6fcb2a-274
5e008b-482	998223-324
5e008b-482	6c9d62-374
5e008b-482	8d5478-474
5e008b-482	ac184d-40
5e008b-482	315072-90
5e008b-482	2f039a-240
5e008b-482	3424ca-290
5e008b-482	84cb16-340
5e008b-482	1a1b39-440
5e008b-482	402824-43
5e008b-482	ad1784-93
5e008b-482	05aab2-143
5e008b-482	8af5d5-193
5e008b-482	8e511b-243
5e008b-482	77eb01-293
5e008b-482	a6cf02-343
5e008b-482	44de8b-393
5e008b-482	34599a-493
5e008b-482	5c1eec-105
5e008b-482	2c3d7c-155
5e008b-482	449141-305
5e008b-482	e58060-355
5e008b-482	382789-148
5e008b-482	825835-98
5e008b-482	acd398-198
5e008b-482	224d6c-248
5e008b-482	d5e5c2-298
5e008b-482	7b3928-398
5e008b-482	a13e98-448
5e008b-482	53c919-498
5e008b-482	a34bb1-226
5e008b-482	b79418-276
5e008b-482	258ea1-376
5e008b-482	7fc0ee-378
5e008b-482	9fc47b-278
1e6367-487	1e6367-487
eddb99-490	eddb99-490
f0526a-497	f0526a-497
